{"chunk_definitions":[{"row":29,"row_count":1,"visible":true,"expansion_state":0,"options":{"engine":"r","label":"unnamed-chunk-9","dev":"png"},"document_id":"7B651FA4","chunk_id":"cxxilicw0z6bx","chunk_label":"unnamed-chunk-1"},{"row":45,"row_count":1,"visible":true,"expansion_state":0,"options":{"engine":"r","label":"unnamed-chunk-10","dev":"png"},"document_id":"7B651FA4","chunk_id":"ckmkhqlq47t90","chunk_label":"unnamed-chunk-2"},{"row":61,"row_count":1,"visible":true,"expansion_state":0,"options":{"engine":"r","label":"unnamed-chunk-11","dev":"png"},"document_id":"7B651FA4","chunk_id":"clygcj017maw1","chunk_label":"unnamed-chunk-3"},{"row":77,"row_count":1,"visible":true,"expansion_state":0,"options":{"engine":"r","label":"unnamed-chunk-12","dev":"png"},"document_id":"7B651FA4","chunk_id":"chkcr0sr6a6bf","chunk_label":"unnamed-chunk-4"},{"row":93,"row_count":1,"visible":true,"expansion_state":0,"options":{},"document_id":"7B651FA4","chunk_id":"cuueosvnh2eve","chunk_label":"unnamed-chunk-5"}],"doc_write_time":1731795193}